,Close,compound,negative,neutral,positive,Open,High,Low,Volume
2019-12-31,83.66600036621094,-0.9999,0.159,0.761,0.08,81.0,84.25800323486328,80.41600036621094,51428500.0
2020-01-02,86.052001953125,-0.9997,0.125,0.796,0.079,84.9000015258789,86.13999938964844,84.34200286865234,47660500.0
2020-01-03,88.60199737548828,-0.9963,0.103,0.805,0.092,88.0999984741211,90.80000305175781,87.38400268554688,88892500.0
2020-01-06,90.30799865722656,-0.9996,0.104,0.839,0.057,88.09400177001953,90.31199645996094,88.0,50665000.0
2020-01-07,93.81199645996094,-1.0,0.186,0.745,0.069,92.27999877929688,94.32599639892578,90.6719970703125,89410500.0
2020-01-08,98.4280014038086,-0.9999,0.136,0.799,0.065,94.73999786376953,99.697998046875,93.64600372314453,155721500.0
2020-01-09,96.26799774169922,-0.9997,0.131,0.784,0.085,99.41999816894531,99.76000213623047,94.5739974975586,142202000.0
2020-01-10,95.62999725341797,-0.9999,0.129,0.804,0.067,96.35800170898438,96.98799896240234,94.73999786376953,64797500.0
2020-01-13,104.97200012207031,-0.9998,0.144,0.774,0.081,98.69999694824219,105.1259994506836,98.4000015258789,132588000.0
2020-01-14,107.58399963378906,-0.9999,0.158,0.772,0.071,108.85199737548828,109.48200225830078,104.9800033569336,144981000.0
2020-01-15,103.69999694824219,-0.9998,0.142,0.768,0.089,105.9520034790039,107.56800079345703,103.35800170898438,86844000.0
2020-01-16,102.697998046875,-0.9998,0.13,0.801,0.07,98.75,102.89199829101562,98.43399810791016,108683500.0
2020-01-17,102.0999984741211,-0.9999,0.156,0.779,0.065,101.52200317382812,103.13400268554688,100.63200378417969,68145500.0
2020-01-21,109.44000244140625,-0.9997,0.119,0.814,0.067,106.05000305175781,109.71600341796875,105.68199920654297,89017500.0
2020-01-22,113.91200256347656,-0.9999,0.164,0.768,0.068,114.37799835205078,118.9000015258789,111.81999969482422,156845000.0
2020-01-23,114.44000244140625,-0.9996,0.134,0.763,0.104,112.8499984741211,116.4000015258789,111.12000274658203,98255000.0
2020-01-24,112.96399688720703,-0.9997,0.14,0.76,0.099,114.1259994506836,114.77200317382812,110.85199737548828,71768000.0
2020-01-27,111.60399627685547,-0.9949,0.111,0.787,0.102,108.39800262451172,112.88800048828125,107.85600280761719,68040500.0
2020-01-28,113.37999725341797,-0.9999,0.151,0.767,0.082,113.697998046875,115.36199951171875,111.61599731445312,58942500.0
2020-01-29,116.197998046875,-0.9999,0.147,0.772,0.081,115.13800048828125,117.95999908447266,113.48600006103516,89007500.0
2020-01-30,128.16200256347656,-0.9999,0.13,0.809,0.06,126.48400115966797,130.17599487304688,123.5999984741211,145028500.0
2020-01-31,130.11399841308594,-0.9999,0.134,0.803,0.062,128.0,130.60000610351562,126.50399780273438,78596500.0
2020-02-03,156.0,-0.998,0.119,0.773,0.108,134.73800659179688,157.22799682617188,134.70399475097656,235325000.0
2020-02-04,177.41200256347656,-0.9999,0.171,0.745,0.084,176.5919952392578,193.79800415039062,166.7760009765625,304694000.0
2020-02-05,146.94000244140625,-0.9999,0.15,0.773,0.076,164.65199279785156,169.1959991455078,140.82200622558594,242119000.0
2020-02-06,149.79200744628906,-0.9999,0.156,0.762,0.082,139.98399353027344,159.16600036621094,137.39999389648438,199404000.0
2020-02-07,149.61399841308594,-0.9999,0.14,0.788,0.072,146.11000061035156,153.9499969482422,146.0,85317500.0
2020-02-10,154.25599670410156,-0.9999,0.157,0.754,0.089,160.0,163.9980010986328,150.47999572753906,123446000.0
2020-02-11,154.87600708007812,-0.9999,0.157,0.768,0.074,153.75799560546875,156.70199584960938,151.60000610351562,58487500.0
2020-02-12,153.45799255371094,-0.9986,0.102,0.825,0.073,155.57400512695312,157.9499969482422,152.6739959716797,60112500.0
2020-02-13,160.8000030517578,-0.9999,0.168,0.743,0.089,148.3679962158203,163.60000610351562,147.0,131446500.0
2020-02-14,160.00599670410156,-0.9999,0.149,0.77,0.081,157.44400024414062,162.593994140625,157.10000610351562,78468500.0
2020-02-18,171.67999267578125,-0.9998,0.13,0.801,0.069,168.32000732421875,172.0,166.4720001220703,81908500.0
2020-02-19,183.48399353027344,-0.9999,0.162,0.761,0.077,184.6999969482422,188.95599365234375,180.20399475097656,127115000.0
2020-02-20,179.8820037841797,-0.9999,0.145,0.791,0.064,182.38999938964844,182.39999389648438,171.98800659179688,88174500.0
2020-02-21,180.1999969482422,-0.9999,0.14,0.776,0.084,181.39599609375,182.61199951171875,176.08999633789062,71574000.0
2020-02-24,166.75799560546875,-0.9998,0.119,0.821,0.06,167.8000030517578,172.6999969482422,164.44000244140625,75961000.0
2020-02-25,159.98199462890625,-0.9998,0.141,0.782,0.077,169.8000030517578,171.32000732421875,157.39999389648438,86452500.0
2020-02-26,155.75999450683594,-0.9999,0.147,0.764,0.089,156.5,162.66200256347656,155.2220001220703,70427500.0
2020-02-27,135.8000030517578,-0.9999,0.148,0.782,0.07,146.0,147.95399475097656,133.8000030517578,121386000.0
2020-02-28,133.59800720214844,-0.9999,0.161,0.743,0.097,125.94000244140625,138.10400390625,122.30400085449219,121114500.0
2020-03-02,148.7239990234375,-0.9998,0.144,0.767,0.089,142.2519989013672,148.73800659179688,137.33399963378906,100975000.0
2020-03-03,149.1020050048828,-0.9997,0.11,0.836,0.054,161.0,161.39599609375,143.2220001220703,128920000.0
2020-03-04,149.89999389648438,-0.9999,0.153,0.781,0.066,152.79200744628906,153.3040008544922,144.9459991455078,75245000.0
2020-03-05,144.9080047607422,-0.9997,0.13,0.78,0.09,144.75399780273438,149.14999389648438,143.61399841308594,54263500.0
2020-03-06,140.6959991455078,-0.9999,0.164,0.765,0.071,138.0,141.39999389648438,136.85400390625,63314500.0
2020-03-09,121.5999984741211,-0.999,0.095,0.842,0.064,121.0780029296875,132.60000610351562,121.0,85368500.0
2020-03-10,129.0659942626953,-0.9999,0.151,0.754,0.095,131.88600158691406,133.60000610351562,121.5999984741211,77972000.0
2020-03-11,126.84600067138672,-0.9999,0.174,0.753,0.073,128.0399932861328,130.71600341796875,122.5999984741211,66612500.0
2020-03-12,112.11000061035156,-1.0,0.196,0.728,0.075,116.1780014038086,118.9000015258789,109.25,94545500.0
2020-03-13,109.3239974975586,-0.9999,0.169,0.752,0.08,119.0,121.51399993896484,100.4000015258789,113201500.0
2020-03-16,89.01399993896484,-0.9999,0.151,0.802,0.046,93.9000015258789,98.9739990234375,88.43399810791016,102447500.0
2020-03-17,86.04000091552734,-1.0,0.199,0.734,0.067,88.00199890136719,94.37000274658203,79.19999694824219,119973000.0
2020-03-18,72.24400329589844,-0.9999,0.133,0.819,0.048,77.80000305175781,80.97200012207031,70.10199737548828,118931000.0
2020-03-19,85.52799987792969,-0.9999,0.134,0.812,0.054,74.94000244140625,90.4000015258789,71.69200134277344,150977500.0
2020-03-20,85.50599670410156,-0.9999,0.138,0.811,0.052,87.63999938964844,95.4000015258789,85.15799713134766,141427500.0
2020-03-23,86.85800170898438,-0.9997,0.133,0.781,0.086,86.72000122070312,88.4000015258789,82.0999984741211,82272500.0
2020-03-24,101.0,-0.9998,0.124,0.812,0.064,95.45999908447266,102.73799896240234,94.80000305175781,114476000.0
2020-03-25,107.8499984741211,-0.9991,0.12,0.786,0.095,109.05000305175781,111.4000015258789,102.22200012207031,106113500.0
2020-03-26,105.63200378417969,-0.9993,0.109,0.823,0.068,109.47799682617188,112.0,102.44999694824219,86903500.0
2020-03-27,102.87200164794922,-0.9996,0.132,0.772,0.096,101.0,105.16000366210938,98.80599975585938,71887000.0
2020-03-30,100.4260025024414,-0.9985,0.099,0.825,0.076,102.052001953125,103.33000183105469,98.24600219726562,59990500.0
2020-03-31,104.80000305175781,-0.9994,0.114,0.808,0.077,100.25,108.59200286865234,99.4000015258789,88857500.0
2020-04-01,96.31199645996094,-0.9989,0.112,0.799,0.089,100.80000305175781,102.79000091552734,95.0199966430664,66766000.0
2020-04-02,90.89399719238281,-0.999,0.118,0.792,0.091,96.20600128173828,98.85199737548828,89.27999877929688,99292000.0
2020-04-03,96.00199890136719,-0.9985,0.105,0.814,0.082,101.9000015258789,103.0979995727539,93.6780014038086,112810500.0
2020-04-06,103.24800109863281,-0.9983,0.117,0.788,0.095,102.23999786376953,104.19999694824219,99.59200286865234,74509000.0
2020-04-07,109.08999633789062,-0.9995,0.129,0.778,0.093,109.0,113.0,106.46800231933594,89599000.0
2020-04-08,109.76799774169922,-0.9994,0.11,0.819,0.071,110.83999633789062,111.44200134277344,106.66600036621094,63280000.0
2020-04-09,114.5999984741211,-0.9965,0.08,0.856,0.063,112.41799926757812,115.03600311279297,111.4219970703125,68250000.0
2020-04-13,130.19000244140625,-0.9995,0.126,0.783,0.091,118.03199768066406,130.39999389648438,116.10600280761719,112377000.0
2020-04-14,141.97799682617188,-0.997,0.11,0.795,0.095,139.79400634765625,148.37600708007812,138.48599243164062,152882500.0
2020-04-15,145.96600341796875,-0.9966,0.076,0.865,0.058,148.39999389648438,150.62600708007812,142.0,117885000.0
2020-04-16,149.04200744628906,-0.9985,0.111,0.799,0.09,143.38800048828125,151.88999938964844,141.343994140625,103289500.0
2020-04-17,150.7779998779297,-0.9998,0.134,0.793,0.073,154.45599365234375,154.99000549316406,149.53199768066406,65641000.0
2020-04-20,149.27200317382812,-0.9994,0.122,0.786,0.092,146.5399932861328,153.11399841308594,142.44200134277344,73733000.0
2020-04-21,137.343994140625,-0.9989,0.115,0.791,0.094,146.0240020751953,150.66600036621094,134.75799560546875,101045500.0
2020-04-22,146.4219970703125,-0.9997,0.129,0.789,0.082,140.79600524902344,146.8000030517578,137.74200439453125,70827500.0
2020-04-23,141.12600708007812,-0.9991,0.111,0.804,0.085,145.52000427246094,146.8000030517578,140.62600708007812,66183500.0
2020-04-24,145.02999877929688,-0.9982,0.097,0.83,0.073,142.16200256347656,146.14599609375,139.63600158691406,66060000.0
2020-04-27,159.75,-0.9988,0.107,0.808,0.085,147.52200317382812,159.8979949951172,147.0,103407000.0
2020-04-28,153.82400512695312,-0.9976,0.106,0.805,0.089,159.1280059814453,161.0,151.33799743652344,76110000.0
2020-04-29,160.1020050048828,-0.97,0.085,0.833,0.082,158.03399658203125,160.63999938964844,156.6320037841797,81080000.0
2020-04-30,156.37600708007812,-0.9994,0.117,0.794,0.089,171.03799438476562,173.96400451660156,152.6999969482422,142359500.0
2020-05-01,140.26400756835938,-0.9986,0.113,0.795,0.092,151.0,154.5540008544922,136.60800170898438,162659000.0
2020-05-04,152.23800659179688,-0.9995,0.107,0.826,0.067,140.1999969482422,152.39999389648438,139.60000610351562,96185500.0
2020-05-05,153.64199829101562,-0.9975,0.096,0.826,0.078,157.95799255371094,159.78399658203125,152.43600463867188,84958500.0
2020-05-06,156.51600646972656,-0.9987,0.097,0.832,0.07,155.3000030517578,157.9600067138672,152.2220001220703,55616000.0
2020-05-07,156.00799560546875,-0.9986,0.09,0.841,0.069,155.44200134277344,159.27999877929688,154.47000122070312,57638500.0
2020-05-08,163.88400268554688,-0.9991,0.086,0.865,0.049,158.75399780273438,164.8000030517578,157.40199279785156,80432500.0
2020-05-11,162.25799560546875,-0.9993,0.11,0.808,0.082,158.1020050048828,164.8000030517578,157.0,82598000.0
2020-05-12,161.8820037841797,-0.9994,0.121,0.791,0.087,165.39999389648438,168.6580047607422,161.60000610351562,79534500.0
2020-05-13,158.19200134277344,-0.9997,0.109,0.823,0.069,164.16600036621094,165.1999969482422,152.66000366210938,95327500.0
2020-05-14,160.66600036621094,-0.9984,0.113,0.793,0.094,156.0,160.6719970703125,152.8000030517578,68411000.0
2020-05-15,159.83399963378906,-0.9958,0.094,0.821,0.085,158.07000732421875,161.00999450683594,157.30999755859375,52592000.0
2020-05-18,162.7259979248047,-0.9999,0.141,0.783,0.076,165.55599975585938,166.94400024414062,160.7760009765625,58329000.0
2020-05-19,161.6020050048828,-0.9996,0.115,0.813,0.072,163.03399658203125,164.41400146484375,161.21600341796875,48182500.0
2020-05-20,163.11199951171875,-0.9997,0.11,0.824,0.066,164.10000610351562,165.1999969482422,162.36000061035156,36546500.0
2020-05-21,165.52000427246094,-0.9998,0.127,0.792,0.081,163.1999969482422,166.5,159.1999969482422,61273000.0
2020-05-22,163.37600708007812,-0.9997,0.138,0.772,0.09,164.4340057373047,166.3560028076172,162.39999389648438,49937500.0
2020-05-26,163.7740020751953,-0.9998,0.131,0.791,0.078,166.89999389648438,166.9199981689453,163.14199829101562,40448500.0
2020-05-27,164.04600524902344,-0.9996,0.119,0.797,0.084,164.1719970703125,165.54200744628906,157.0,57747500.0
2020-05-28,161.16200256347656,-0.9997,0.123,0.8,0.077,162.70199584960938,164.9499969482422,160.33799743652344,36278000.0
2020-05-29,167.0,-0.9998,0.135,0.777,0.088,161.75,167.0,160.8419952392578,58822500.0
2020-06-01,179.6199951171875,-0.9999,0.143,0.779,0.078,171.60000610351562,179.8000030517578,170.82000732421875,74697500.0
2020-06-02,176.31199645996094,-0.9998,0.136,0.774,0.09,178.94000244140625,181.73199462890625,174.1999969482422,67828000.0
2020-06-03,176.5919952392578,-0.9996,0.121,0.795,0.084,177.62399291992188,179.58799743652344,176.02000427246094,39747500.0
2020-06-04,172.87600708007812,-0.9994,0.104,0.82,0.076,177.9759979248047,179.14999389648438,171.68800354003906,44438500.0
2020-06-05,177.1320037841797,-0.9997,0.128,0.788,0.083,175.5679931640625,177.3040008544922,173.24000549316406,39059500.0
2020-06-08,189.98399353027344,-0.9996,0.128,0.785,0.087,183.8000030517578,190.0,181.83200073242188,70873500.0
2020-06-09,188.13400268554688,-0.9997,0.116,0.814,0.07,188.0019989013672,190.88800048828125,184.78599548339844,56941000.0
2020-06-10,205.00999450683594,-0.9997,0.143,0.753,0.104,198.37600708007812,205.49600219726562,196.5,92817000.0
2020-06-11,194.5679931640625,-0.9985,0.082,0.867,0.051,198.0399932861328,203.79200744628906,194.39999389648438,79582500.0
2020-06-12,187.05599975585938,-0.9998,0.137,0.783,0.08,196.0,197.5959930419922,182.52000427246094,83817000.0
2020-06-15,198.17999267578125,-0.9997,0.117,0.813,0.069,183.55799865722656,199.76800537109375,181.6999969482422,78486000.0
2020-06-16,196.42599487304688,-0.9998,0.139,0.771,0.09,202.3699951171875,202.5760040283203,192.47799682617188,70255500.0
2020-06-17,198.35800170898438,-0.9985,0.11,0.802,0.088,197.54200744628906,201.0,196.51400756835938,49454000.0
2020-06-18,200.79200744628906,-0.9997,0.129,0.791,0.081,200.60000610351562,203.83999633789062,198.8939971923828,48759500.0
2020-06-19,200.17999267578125,-0.9998,0.136,0.781,0.083,202.55599975585938,203.19400024414062,198.26800537109375,43398500.0
2020-06-22,198.86399841308594,-0.9997,0.121,0.8,0.079,199.99000549316406,201.7760009765625,198.00399780273438,31812000.0
2020-06-23,200.3560028076172,-0.9999,0.141,0.787,0.073,199.7760009765625,202.39999389648438,198.802001953125,31826500.0
2020-06-24,192.1699981689453,-0.9997,0.116,0.808,0.075,198.82200622558594,200.17599487304688,190.6280059814453,54798000.0
2020-06-25,197.1959991455078,-0.9999,0.13,0.816,0.054,190.85400390625,197.1959991455078,187.42999267578125,46272500.0
2020-06-26,191.947998046875,-0.9999,0.15,0.765,0.085,198.95599365234375,199.0,190.9739990234375,44274500.0
2020-06-29,201.8699951171875,-0.9997,0.124,0.8,0.076,193.802001953125,202.0,189.70399475097656,45132000.0
2020-06-30,215.96200561523438,-0.9998,0.119,0.818,0.063,201.3000030517578,217.53799438476562,200.74600219726562,84592500.0
2020-07-01,223.92599487304688,-0.9998,0.141,0.764,0.095,216.60000610351562,227.0659942626953,216.10000610351562,66634500.0
2020-07-02,241.73199462890625,-0.9986,0.105,0.814,0.081,244.29600524902344,245.60000610351562,237.1199951171875,86250500.0
2020-07-06,274.3160095214844,-0.9995,0.113,0.808,0.08,255.33799743652344,275.5580139160156,253.20799255371094,102849500.0
2020-07-07,277.97198486328125,-0.9996,0.104,0.835,0.061,281.00201416015625,285.8999938964844,267.3420104980469,107448500.0
2020-07-08,273.1759948730469,-0.9998,0.124,0.809,0.067,281.0,283.4519958496094,262.26800537109375,81556500.0
2020-07-09,278.8559875488281,-0.9998,0.121,0.823,0.056,279.39801025390625,281.7120056152344,270.2560119628906,58588000.0
2020-07-10,308.92999267578125,-0.9977,0.086,0.851,0.063,279.20001220703125,309.78399658203125,275.2019958496094,116688000.0
2020-07-13,299.4119873046875,-0.9997,0.113,0.822,0.065,331.79998779296875,358.99798583984375,294.22198486328125,194927000.0
2020-07-14,303.3599853515625,-0.9992,0.118,0.788,0.094,311.20001220703125,318.0,286.20001220703125,117090500.0
2020-07-15,309.2019958496094,-0.9992,0.119,0.786,0.096,308.6000061035156,310.0,291.3999938964844,81839000.0
2020-07-16,300.12799072265625,-0.9996,0.107,0.825,0.067,295.4320068359375,306.3420104980469,293.20001220703125,71504000.0
2020-07-17,300.1679992675781,-0.9996,0.127,0.783,0.09,302.69000244140625,307.50201416015625,298.0,46650000.0
2020-07-20,328.6000061035156,-0.9995,0.102,0.837,0.061,303.802001953125,330.0,297.6000061035156,85607000.0
2020-07-21,313.6719970703125,-0.999,0.091,0.843,0.065,327.9859924316406,335.0,311.6000061035156,80536000.0
2020-07-22,318.46600341796875,-0.9999,0.138,0.784,0.078,319.79998779296875,325.28399658203125,312.3999938964844,70805500.0
2020-07-23,302.614013671875,-0.9995,0.102,0.836,0.062,335.7900085449219,337.79998779296875,296.15399169921875,121642500.0
2020-07-24,283.3999938964844,-0.9998,0.114,0.827,0.059,283.2019958496094,293.0,273.3080139160156,96983000.0
2020-07-27,307.9200134277344,-0.9999,0.161,0.775,0.064,287.0,309.5880126953125,282.6000061035156,80243500.0
2020-07-28,295.2980041503906,-0.9992,0.099,0.832,0.069,300.79998779296875,312.94000244140625,294.8840026855469,79043500.0
2020-07-29,299.8219909667969,-0.9997,0.125,0.797,0.079,300.20001220703125,306.9620056152344,297.3999938964844,47134500.0
2020-07-30,297.49798583984375,-0.9996,0.128,0.775,0.098,297.6000061035156,302.64801025390625,294.20001220703125,38105000.0
2020-07-31,286.1520080566406,-0.9996,0.115,0.809,0.077,303.0,303.4100036621094,284.1960144042969,61041000.0
2020-08-03,297.0,-0.9994,0.13,0.767,0.103,289.8399963378906,301.9620056152344,288.8760070800781,44046500.0
2020-08-04,297.3999938964844,-0.9992,0.113,0.801,0.086,299.00201416015625,305.48199462890625,292.3999938964844,42075000.0
2020-08-05,297.0039978027344,-0.9996,0.12,0.795,0.084,298.5979919433594,299.9679870605469,293.6619873046875,24739000.0
2020-08-06,297.9159851074219,-0.9992,0.132,0.76,0.108,298.1659851074219,303.4620056152344,295.4519958496094,29961500.0
2020-08-07,290.5419921875,-0.9999,0.136,0.793,0.07,299.9079895019531,299.95001220703125,283.00201416015625,44482000.0
2020-08-10,283.7139892578125,-0.9997,0.128,0.79,0.082,289.6000061035156,291.5,277.1679992675781,37611500.0
2020-08-11,274.87799072265625,-0.9998,0.127,0.804,0.069,279.20001220703125,284.0,273.0,43129000.0
2020-08-12,310.9519958496094,-0.9997,0.118,0.813,0.069,294.0,317.0,287.0,109147000.0
2020-08-13,324.20001220703125,-0.9998,0.138,0.778,0.084,322.20001220703125,330.2359924316406,313.4519958496094,102126500.0
2020-08-14,330.1419982910156,-0.9989,0.091,0.847,0.061,332.99798583984375,333.760009765625,325.3280029296875,62888000.0
2020-08-17,367.12799072265625,-0.9993,0.102,0.829,0.069,335.3999938964844,369.1719970703125,334.5660095214844,101211500.0
2020-08-18,377.4179992675781,-0.9999,0.147,0.768,0.085,379.7980041503906,384.7799987792969,369.0220031738281,82372500.0
2020-08-19,375.70599365234375,-0.9998,0.126,0.805,0.068,373.0,382.20001220703125,368.24200439453125,61026500.0
2020-08-20,400.3659973144531,-0.9995,0.103,0.829,0.068,372.135986328125,404.39801025390625,371.4119873046875,103059000.0
2020-08-21,409.9960021972656,-0.9995,0.12,0.797,0.083,408.9519958496094,419.0979919433594,405.010009765625,107448000.0
2020-08-24,402.8399963378906,-0.9996,0.127,0.786,0.087,425.2560119628906,425.79998779296875,385.5039978027344,100318000.0
2020-08-25,404.6679992675781,-0.9997,0.11,0.828,0.062,394.9779968261719,405.5899963378906,393.6000061035156,53294500.0
2020-08-26,430.6340026855469,-0.9999,0.169,0.762,0.068,412.0,433.20001220703125,410.72601318359375,71197000.0
2020-08-27,447.75,-0.9996,0.127,0.783,0.091,436.0920104980469,459.1199951171875,428.5,118465000.0
2020-08-28,442.67999267578125,-0.9995,0.118,0.796,0.086,459.02398681640625,463.697998046875,437.3039855957031,100406000.0
2020-08-31,498.32000732421875,-0.9999,0.153,0.761,0.087,444.6099853515625,500.1400146484375,440.1099853515625,118374400.0
2020-09-01,475.04998779296875,-0.9998,0.135,0.783,0.082,502.1400146484375,502.489990234375,470.510009765625,89841100.0
2020-09-02,447.3699951171875,-0.9995,0.11,0.815,0.075,478.989990234375,479.0400085449219,405.1199951171875,96176100.0
2020-09-03,407.0,-0.9999,0.167,0.757,0.077,407.2300109863281,431.79998779296875,402.0,87596100.0
2020-09-04,418.32000732421875,-0.9998,0.136,0.789,0.076,402.80999755859375,428.0,372.0199890136719,110321900.0
2020-09-08,330.2099914550781,-0.9998,0.14,0.772,0.088,356.0,368.739990234375,329.8800048828125,115465700.0
2020-09-09,366.2799987792969,-0.9998,0.128,0.801,0.071,356.6000061035156,369.0,341.510009765625,79465800.0
2020-09-10,371.3399963378906,-0.9997,0.124,0.793,0.082,386.2099914550781,398.989990234375,360.55999755859375,84930600.0
2020-09-11,372.7200012207031,-0.9993,0.109,0.815,0.076,381.94000244140625,382.5,360.5,60717500.0
2020-09-14,419.6199951171875,-0.9997,0.133,0.784,0.083,380.95001220703125,420.0,373.29998779296875,83020600.0
2020-09-15,449.760009765625,-0.9998,0.135,0.793,0.072,436.55999755859375,461.94000244140625,430.70001220703125,97298200.0
2020-09-16,441.760009765625,-0.9998,0.131,0.792,0.077,439.8699951171875,457.7900085449219,435.30999755859375,72279300.0
2020-09-17,423.42999267578125,-0.9998,0.126,0.81,0.065,415.6000061035156,437.7900085449219,408.0,76779200.0
2020-09-18,442.1499938964844,-0.9997,0.105,0.848,0.047,447.94000244140625,451.0,428.79998779296875,86406800.0
2020-09-21,449.3900146484375,-0.9997,0.115,0.817,0.068,453.1300048828125,455.67999267578125,407.07000732421875,109476800.0
2020-09-22,424.2300109863281,-0.9998,0.133,0.8,0.067,429.6000061035156,437.760009765625,417.6000061035156,79580800.0
2020-09-23,380.3599853515625,-0.9999,0.152,0.765,0.083,405.1600036621094,412.1499938964844,375.8800048828125,95074200.0
2020-09-24,387.7900085449219,-0.9996,0.106,0.839,0.055,363.79998779296875,399.5,351.29998779296875,96561100.0
2020-09-25,407.3399963378906,-0.9998,0.141,0.776,0.083,393.4700012207031,408.7300109863281,391.29998779296875,67208500.0
2020-09-28,421.20001220703125,-0.9998,0.137,0.781,0.082,424.6199951171875,428.0799865722656,415.54998779296875,49719600.0
2020-09-29,419.07000732421875,-0.9982,0.104,0.813,0.083,416.0,428.5,411.6000061035156,50219300.0
2020-09-30,429.010009765625,-0.9998,0.133,0.789,0.078,421.32000732421875,433.92999267578125,420.4700012207031,48145600.0
2020-10-01,448.1600036621094,-0.9998,0.137,0.782,0.081,440.760009765625,448.8800048828125,434.4200134277344,50741500.0
2020-10-02,415.0899963378906,-0.9999,0.139,0.789,0.072,421.3900146484375,439.1300048828125,415.0,71430000.0
2020-10-05,425.67999267578125,-0.9989,0.092,0.851,0.057,423.3500061035156,433.6400146484375,419.3299865722656,44722800.0
2020-10-06,413.9800109863281,-0.9998,0.125,0.815,0.06,423.7900085449219,428.7799987792969,406.04998779296875,49146300.0
2020-10-07,425.29998779296875,-0.9999,0.146,0.775,0.079,419.8699951171875,429.8999938964844,413.8500061035156,43127700.0
2020-10-08,425.9200134277344,-0.9994,0.111,0.814,0.075,438.44000244140625,439.0,425.29998779296875,40421100.0
2020-10-09,434.0,-0.9998,0.14,0.783,0.077,430.1300048828125,434.5899963378906,426.4599914550781,28925700.0
2020-10-12,442.29998779296875,-0.9999,0.128,0.809,0.063,442.0,448.739990234375,438.5799865722656,38791100.0
2020-10-13,446.6499938964844,-0.9999,0.148,0.785,0.067,443.3500061035156,448.8900146484375,436.6000061035156,34463700.0
2020-10-14,461.29998779296875,-0.9999,0.15,0.759,0.09,449.7799987792969,465.8999938964844,447.3500061035156,47879700.0
2020-10-15,448.8800048828125,-0.9999,0.138,0.786,0.076,450.30999755859375,456.57000732421875,442.5,35672400.0
2020-10-16,439.6700134277344,-0.9998,0.129,0.787,0.084,454.44000244140625,455.95001220703125,438.8500061035156,32775900.0
2020-10-19,430.8299865722656,-0.9999,0.147,0.779,0.073,446.239990234375,447.0,428.8699951171875,36287800.0
2020-10-20,421.94000244140625,-0.9998,0.142,0.763,0.095,431.75,431.75,419.04998779296875,31656300.0
2020-10-21,422.6400146484375,-0.9999,0.138,0.788,0.073,422.70001220703125,432.95001220703125,421.25,32370500.0
2020-10-22,425.7900085449219,-0.9999,0.152,0.762,0.086,441.9200134277344,445.2300109863281,424.510009765625,39993200.0
2020-10-23,420.6300048828125,-0.9997,0.12,0.805,0.075,421.8399963378906,422.8900146484375,407.3800048828125,33717000.0
2020-10-26,420.2799987792969,-0.9993,0.115,0.798,0.087,411.6300048828125,425.760009765625,410.0,28239200.0
2020-10-27,424.67999267578125,-0.9999,0.149,0.764,0.088,423.760009765625,430.5,420.1000061035156,22686500.0
2020-10-28,406.0199890136719,-0.9998,0.142,0.776,0.082,416.4800109863281,418.6000061035156,406.0,25451400.0
2020-10-29,410.8299865722656,-0.9999,0.15,0.773,0.077,409.9599914550781,418.05999755859375,406.4599914550781,22655300.0
2020-10-30,388.0400085449219,-0.9999,0.148,0.763,0.088,406.8999938964844,407.5899963378906,379.1099853515625,42511300.0
2020-11-02,400.510009765625,-0.9996,0.121,0.797,0.082,394.0,406.9800109863281,392.29998779296875,29021100.0
2020-11-03,423.8999938964844,-0.9998,0.13,0.786,0.083,409.7300109863281,427.7699890136719,406.69000244140625,34351700.0
2020-11-04,420.9800109863281,-0.9994,0.108,0.82,0.071,430.6199951171875,435.3999938964844,417.1000061035156,32143100.0
2020-11-05,438.0899963378906,-0.9999,0.137,0.789,0.074,428.29998779296875,440.0,424.0,28414500.0
2020-11-06,429.95001220703125,-0.9996,0.105,0.837,0.058,436.1000061035156,436.57000732421875,424.2799987792969,21706000.0
2020-11-09,421.260009765625,-0.9998,0.131,0.787,0.082,439.5,452.5,421.0,34833000.0
2020-11-10,410.3599853515625,-0.9998,0.126,0.8,0.074,420.0899963378906,420.0899963378906,396.0299987792969,30284200.0
2020-11-11,417.1300048828125,0.9974,0.116,0.758,0.127,416.45001220703125,418.70001220703125,410.5799865722656,17357700.0
2020-11-12,411.760009765625,-0.9993,0.122,0.783,0.094,415.04998779296875,423.0,409.5199890136719,19855100.0
2020-11-13,408.5,-0.9997,0.135,0.771,0.094,410.8500061035156,412.5299987792969,401.6600036621094,19771100.0
2020-11-16,408.0899963378906,-0.9999,0.161,0.742,0.096,408.92999267578125,412.45001220703125,404.0899963378906,26838600.0
2020-11-17,441.6099853515625,-0.9998,0.135,0.782,0.082,460.1700134277344,462.0,433.010009765625,61188300.0
2020-11-18,486.6400146484375,-0.9999,0.148,0.788,0.064,448.3500061035156,496.0,443.5,78044000.0
2020-11-19,499.2699890136719,-0.9994,0.107,0.82,0.073,492.0,508.6099853515625,487.57000732421875,62475300.0
2020-11-20,489.6099853515625,-0.9998,0.13,0.787,0.083,497.989990234375,502.5,489.05999755859375,32911900.0
2020-11-23,521.8499755859375,-0.9983,0.102,0.815,0.083,503.5,526.0,501.7900085449219,50260300.0
2020-11-24,555.3800048828125,-0.9996,0.124,0.787,0.089,540.4000244140625,559.989990234375,526.2000122070312,53648500.0
2020-11-25,574.0,-0.9999,0.127,0.813,0.06,550.0599975585938,574.0,545.3699951171875,48930200.0
2020-11-27,585.760009765625,-0.9998,0.124,0.799,0.077,581.1599731445312,598.780029296875,578.4500122070312,37561100.0
2020-11-30,567.5999755859375,-0.9998,0.127,0.803,0.07,602.2100219726562,607.7999877929688,554.510009765625,63003100.0
2020-12-01,584.760009765625,-0.9999,0.149,0.775,0.076,597.5900268554688,597.8499755859375,572.0499877929688,40103500.0
2020-12-02,568.8200073242188,-0.9985,0.102,0.82,0.078,556.4400024414062,571.5399780273438,541.2100219726562,47775700.0
2020-12-03,593.3800048828125,-0.9999,0.139,0.797,0.064,590.02001953125,598.969970703125,582.4299926757812,42552000.0
2020-12-04,599.0399780273438,-0.9999,0.16,0.75,0.089,591.010009765625,599.0399780273438,585.5,29401300.0
2020-12-07,641.760009765625,-0.9996,0.124,0.786,0.089,604.9199829101562,648.7899780273438,603.0499877929688,56309700.0
2020-12-08,649.8800048828125,-0.9998,0.136,0.789,0.075,625.510009765625,651.280029296875,618.5,64265000.0
2020-12-09,604.47998046875,-0.9998,0.141,0.777,0.081,653.6900024414062,654.3200073242188,588.0,71291200.0
2020-12-10,627.0700073242188,-0.9996,0.12,0.802,0.078,574.3699951171875,627.75,566.3400268554688,67083200.0
2020-12-11,609.989990234375,-0.9999,0.147,0.772,0.081,615.010009765625,624.0,596.7999877929688,46475000.0
2020-12-14,639.8300170898438,-0.9993,0.112,0.808,0.081,619.0,642.75,610.2000122070312,52040600.0
2020-12-15,633.25,-0.9998,0.123,0.802,0.074,643.280029296875,646.9000244140625,623.7999877929688,45071500.0
2020-12-16,622.77001953125,-0.9994,0.105,0.82,0.075,628.22998046875,632.5,605.0,42095800.0
2020-12-17,655.9000244140625,-0.9997,0.123,0.801,0.076,628.1900024414062,658.8200073242188,619.5,56270100.0
2020-12-18,695.0,-0.9998,0.132,0.78,0.088,668.9000244140625,695.0,628.5399780273438,222126200.0
2020-12-21,649.8599853515625,-0.9995,0.103,0.832,0.065,666.239990234375,668.5,646.0700073242188,58045300.0
2020-12-22,640.3400268554688,-0.9999,0.158,0.742,0.099,648.0,649.8800048828125,614.22998046875,51716000.0
2020-12-23,645.97998046875,-0.9996,0.12,0.8,0.08,632.2000122070312,651.5,622.5700073242188,33173000.0
2020-12-24,661.77001953125,-0.9971,0.082,0.854,0.064,642.989990234375,666.0900268554688,641.0,22865600.0
2020-12-28,663.6900024414062,-0.9997,0.126,0.789,0.085,674.510009765625,681.4000244140625,660.7999877929688,32278600.0
2020-12-29,665.989990234375,-0.9998,0.136,0.774,0.09,661.0,669.9000244140625,655.0,22910800.0
2020-12-30,694.780029296875,-0.9998,0.126,0.797,0.077,672.0,696.5999755859375,668.3599853515625,42846000.0
2020-12-31,705.6699829101562,-0.9996,0.124,0.783,0.094,699.989990234375,718.719970703125,691.1199951171875,49649900.0
